measurement_0,measurement_1,measurement_2,measurement_3,measurement_4,measurement_5,sample_id
-0.15882971947661081,0.3322902992734126,1.6108553736007905,0.17740256789347414,2.247625001731549,0.57680882268022,S000
-0.8661438527655813,-0.621816191000968,1.5103785933972709,-1.2287595065519268,-0.2605748625832746,0.8526440485846969,S001
1.088803702787644,-1.5846099436521963,-0.5003438739117023,0.7922386534706111,1.5207250910851722,0.8085322406809955,S002
-0.9956367202838633,0.04746555823759926,0.6733053417994734,0.01659361397887974,-1.4824858700860355,-0.5257538415027094,S003
0.2762240554200421,-0.49497690885466294,-0.20117582542471255,-1.687855045613238,-0.9670428126156707,-0.03570383629898435,S004
0.1764619305780228,0.3447524868206152,-2.028091535114039,-0.652465124586953,2.3857123750775004,0.7651159041162985,S005
-1.7808125533441106,0.6946032886777153,0.060754138866998854,0.5829387232032165,1.2679884149999114,-0.677877339485896,S006
0.9408528957814339,-0.6583984783250137,-0.7243992394941126,-0.32630399722660364,-1.7660315446421853,1.0520926820515308,S007
-0.5559482913938302,-0.13286021383780328,0.2270466220182796,0.7629582091286469,-0.5219614255393819,0.12413647122019653,S008
-0.5121900495943735,-0.22036972678634115,1.2179044325399542,0.5499901555448823,1.0347683082526895,-0.2887662126758376,S009
-0.39559897525697807,0.3276070594322198,2.3527184822275813,0.22647654523192834,-0.31277674328699,-0.28211142029791836,S010
0.6296532293649715,0.0643274490068509,-0.08947914061159683,0.9291608231655231,-0.9832802620923401,-0.7681057936269075,S011
0.9415844082447458,-0.8363761109850687,-3.5242181691463728,0.7450845185909797,0.4780737056012276,-1.2931431197520182,S012
-1.2767656067335256,-0.4476576337945089,-0.5588589081666183,-0.8876185201904948,0.18997958244903415,-1.8080784848522569,S013
2.0343002654174973,0.08820505000259878,-0.043874032131067275,1.2130362141591438,-0.12197411359275741,1.0219449825414801,S014
0.1942432388556601,-0.7961485922569367,0.2258309930525234,1.4581179565405613,2.1433165030613726,0.5289541523994525,S015
0.06972367608298351,-1.7248520754093217,-0.18880362925795754,-0.6026137022234165,-0.28294928419745774,0.012695956722511172,S016
-0.9200453652503144,0.5533070237523048,-0.6201561931097229,-0.4383184189529469,-0.48443911726306266,-0.16805802445040835,S017
-0.9483835549998524,1.339264654137493,-0.8609288905755753,-0.8490459002669649,1.5830704593266476,1.5535702106644407,S018
0.2965439061183255,-0.3470567007794594,0.7599923876782908,1.3181429821058879,-1.4433589452112818,0.14868987588280505,S019
1.3158763173163952,0.8993233165327223,0.9808657248591562,0.16407719473986504,0.12655881851963696,0.3963211866424882,S020
-1.1869438837599617,-0.19216308025555032,0.1023269555172607,-2.5630879871250394,0.647607209377722,-0.6746493771031351,S021
-0.2941934372024285,0.9110647580836393,0.3415386319089524,1.257650358246282,0.5815007305945219,-1.9031986674330068,S022
0.5673221810979843,0.7717140291816387,-0.6183355571096651,-0.19697310947390795,-0.6042502672844061,-0.23307200862199612,S023
0.7381677291670556,0.008635746798968039,0.2234779694608333,0.5566213920699129,-0.8352247154823293,0.955092056044853,S024
0.7143637809192387,-1.5888387911306847,-1.831535065790958,0.9668346093578979,0.4365038583470068,-0.43974827553817775,S025
-0.4333857476562921,1.0320789170909528,0.4514532413617404,0.7385926728098775,0.07621971586949798,-0.46075756458237377,S026
0.2831459822144156,-1.7686642822484384,0.8620598795849105,-0.23329423013574888,0.8352098748277661,1.6940241835076637,S027
-2.5391099512516364,-0.339944869236738,0.12793337669794885,0.5171577863487511,1.6914842912371018,-0.1781090981616774,S028
-1.1664625688045778,-0.6569999343241578,-1.555394233664276,-0.37182800644608793,0.6706149417328402,0.9843100611836189,S029
1.2936423410150282,-0.12080140656472536,-0.6775345633619037,-0.9075736905987066,0.9661137163934632,1.701989477805447,S030
0.3960314081270892,0.32738790274322305,-0.4950497471891321,-1.1555243899551741,-0.8525870551190384,-1.3731716474120006,S031
0.27690130762695364,1.6892536297346867,-0.33286927229226876,1.163014518805207,1.0523109462482552,-0.6830577392654731,S032
-0.4959816209114908,-1.8535092324661482,2.554751353245808,1.8504332438786382,0.3504316249413267,-0.20519833472985524,S033
-0.4219721450280664,0.49610033649256957,1.2138889896830762,1.97633344206442,0.026161893865056452,0.13232846790156688,S034
0.9899184414858258,0.2348076548839114,1.6149121407742202,0.788860473746286,-0.6268139193105433,-0.7630982472122106,S035
0.47171522359547063,2.760338157167982,-1.5116981680254802,1.7555568790362912,0.8959372778859155,0.05770941242501091,S036
-0.5160874335322826,0.6732632827501002,-1.2465351048201583,1.5515293619310007,-0.650290382179494,-0.42968487936631344,S037
1.2061782358691904,-0.9648252593839794,-0.7713655713114488,0.403828446456708,1.530591602305969,-0.29104280388051446,S038
-0.9476152034971781,1.2960391905313555,0.045165190383825854,0.06719972200409613,1.4125548941804886,1.3537605812539135,S039
0.14376673485733182,-0.35786710689633217,0.033880399139665,-1.8618370009825416,-0.3291541030697791,-0.6828715658587381,S040
-0.6761873663073441,-2.20239581726877,-0.4231688358961992,-0.6203383205160499,-0.2303274095152568,1.2749403144673002,S041
0.06793211435025082,1.2238743572728836,2.133320843963121,0.07292233799850101,1.5318904520300058,-3.657522875457659,S042
0.22676032487568973,0.9518355490373738,0.27942935370442473,0.07061123808905999,-1.028501375900848,0.2763643381917765,S043
0.8317055454432183,-0.22429378955812407,0.15299027383577743,0.1536514183829047,-0.45871539308560205,0.11837359176518034,S044
1.8336229666354,-1.0801629936971224,0.5773703105476092,0.5079403155478258,-0.4678679844285193,-2.1742798575652467,S045
0.5426116432535234,-0.32194276942782174,0.48172249408393103,0.31298693687753454,0.04460770140272352,-1.2110892710130166,S046
0.13590743015732462,0.7686250688407448,1.8485373936200942,-0.5368391690849634,-0.9172100778951919,-1.2293970868795505,S047
-2.170792099020974,-0.6891557160347656,-1.188701108967225,0.6522463530603649,-0.07456754935677441,1.016159329057622,S048
0.8019812373212555,-0.5739383482365388,0.9166196689051912,0.3206401807316031,1.3342182095125956,-1.2251707951697561,S049
-1.0272836423214555,-0.9229419149697683,1.2331942005843326,1.3698189016532583,0.4621791151026447,0.37236126865267377,S050
0.42556030753517465,0.2491454189055839,-0.3289194697146143,0.91400840112079,2.171312438570612,1.4220521158781785,S051
-0.2800150851020823,-1.6286312028504368,-0.5614930113105128,0.5074545750392445,0.10509507100533495,-2.0535691439365205,S052
0.30224448001280513,0.18624650306003002,0.8001058648162133,-0.8163740301915196,1.394042423858602,2.0081171975261563,S053
-0.6015920539597004,-0.35456403573269446,0.19482669228947014,1.0037701426486232,-0.6424166517587965,-1.4179852592508189,S054
-0.6084422487433006,-0.47766732450910304,-1.107587635719243,1.0030374403821545,0.11971593966244685,0.12279934743932355,S055
0.9707662663496502,-0.6559105972152819,0.6786251619037026,-0.8013096552705357,-0.20396367684935837,0.324266868928171,S056
1.2705767836543018,-0.02517732075944909,0.7453780545269252,-0.3968298584017872,-1.6103710369338462,-0.32826121831164234,S057
2.7378546711028293,-0.012288716111140156,2.064220003201675,2.1445121996146517,0.011249752754886756,1.3418985900765799,S058
-0.35586036473040095,1.4478913155854685,1.271069585410398,0.2684692095197223,0.01924686311942876,1.2131965058907166,S059
-0.6429048519009146,1.369571529919097,1.7729520917536996,-1.2685439866918262,-0.9680854520187853,-0.3696778816302695,S060
1.2459982894906108,-1.304115660769028,-0.6927264870592859,0.42741584035797897,0.32283710433324353,1.021027513822261,S061
0.008977472172086685,1.706934111722832,-0.4570147680113481,-0.9674005528346334,0.6755483311562936,-0.7054155472041419,S062
0.4002930142061154,0.2871266702643626,-0.2992647810700396,0.4231800642406878,-0.43679754926579173,0.9233416314400599,S063
-0.14369517269947363,-0.2518651923260832,-0.6135435187958365,-1.3349353044378383,1.8846963232162492,-1.237829794459356,S064
0.9151639563374526,0.18019219220373786,-1.5537289770789795,0.040768601794019664,0.5632843948240914,-0.21570142904159448,S065
0.8232385614846105,-0.8127325801400815,0.984555217152774,-0.8663193320144185,-0.5319040903947736,0.0851963252837213,S066
-0.9598612063789158,-1.1288573301491265,2.10328098512144,-0.22465128070991722,0.6042455926648257,0.06281426049908678,S067
0.5948761307533253,-0.49552281308620444,-0.06935607970542838,1.0266334377159505,0.7524640634032579,-1.2067893125887437,S068
-0.21470061528626086,-0.8327188157063287,0.007661144284332307,0.8167266752222885,-0.4505737076450507,0.8543250833647618,S069
-0.15693826305547165,0.7453321780238125,-0.18802784159606079,2.6170419146662263,-0.23719279666299628,-1.0484212008900453,S070
-0.9164240990555119,0.2517193986042877,-1.9875223733579168,0.9245201497662309,0.029075769168977455,0.05212287015412867,S071
0.9309326830128466,-0.9237345387718136,0.6264202162802182,-0.07538873651402246,-0.539066540997582,-0.18685706628556123,S072
-0.0682365933110138,-0.4398171862034646,0.1817026286350009,-0.7885556496521042,0.3747754728725319,-0.018232672185880126,S073
-0.19224706775228695,0.4404999064213276,-1.454194958550129,-0.462966799013781,-0.9506325280336592,-0.83569669072546,S074
2.1969457973947697,0.43895888242064185,1.0687513945791058,2.4736712507343124,0.1173953712153326,-0.6363125898932968,S075
0.7871353542839018,-0.08429250826422377,0.4416633192010258,0.5736294202086321,-0.2713702398993272,0.004119018804683177,S076
0.8359822580250006,0.9856400091346827,1.5083214626575432,-0.13094561624234352,0.6358734950293852,0.048475616855453936,S077
-0.31200590277774,-0.6572512430227537,-1.5719546315719743,-2.0350760765159737,0.7194939129919262,0.332403714090742,S078
0.15706589126096795,-0.17351074598164373,-2.808536369931975,-2.0384802783080755,0.6835004610631362,0.18711506178070264,S079
0.8658633817509598,-0.24273977752815504,-0.754376461333742,-0.9747186862030076,-0.6328615660721093,0.3839922076011432,S080
1.446633820133387,0.13150924953841206,-1.0073718337906723,-2.782192275169075,0.17981581442097258,-1.7020267033106877,S081
2.50238548742511,-1.4418134910337104,1.428226671963241,-2.2364104835081617,0.35065585220471945,1.3640869906479836,S082
-0.446219195332432,2.5637972383778878,-0.3366416073122047,0.3955820410185509,0.5447843144615513,-0.9701575786021718,S083
-1.255533439383263,-1.7120927905026602,-2.005879953117045,-1.1551245623769038,-0.6308872551604355,-2.1643950103156686,S084
-0.2879739480988827,-0.19949354616408427,1.1474516319815522,-1.4013466171481734,-0.24220733419392257,1.0242512000036712,S085
1.0008241484255205,0.9092238320964717,-0.24977442333634955,-0.4121398410277875,-1.166963079003826,-1.4811586299429322,S086
-0.40978486058718283,0.6839328381739002,-0.058838419597821434,-0.09555163169485259,0.8768915033347755,-0.10944615241068599,S087
-0.632465011812213,-1.151616871406451,0.6312052846139959,-0.20948344816527062,-1.5222986885363419,-0.6904721224363627,S088
-0.9988686927373226,-1.4675405879049226,0.5115040434718889,-1.0185549696326268,0.7441451628209088,-0.6121505417606069,S089
0.06298158389336446,1.0507950271375874,-0.5703269568081861,-0.41491060902238913,0.3052632146970395,-0.14831044049442452,S090
0.3557335091246128,-0.013153314642987288,1.5646943111989309,-1.0168245388463995,-0.7818526513200792,-0.9234830577944892,S091
-0.5130314089147074,-1.0700825048297775,-0.45966880351198003,0.7460439751171919,0.9012400665531551,0.12106491598998384,S092
0.5994681703185768,-0.8168053200065218,-0.14477608058862504,-0.42791251237503997,0.15514302290485518,0.35667162657590556,S093
2.955127449150823,-0.45221909679950917,-1.1564096836938471,0.7150630027314204,0.17864012877862373,-0.409281369862338,S094
0.3513225086650406,-1.0457741158846119,0.6925474786640989,-1.5001016119611592,0.8189012977441544,1.5443872208833682,S095
-1.8540456580466116,0.6188962753678217,0.043173031244922874,-0.2720984391507617,0.49052989900893557,0.5246703101385751,S096
-0.29580920103676756,-1.4280395872364786,-0.13390072392998925,0.06559605577097095,0.04634694273699899,-0.7312851897040504,S097
-0.08204697916211108,0.24365501824974609,-0.5963865934584991,-0.2146131721626845,0.28392239873280034,-0.14554165737290845,S098
0.2869238141420224,-0.015464857301536222,-0.3616113088444455,0.22158914139283659,0.2518259627107197,0.3363577299644147,S099
-0.30498423336446046,-1.1933739768319784,-1.7722526654254318,-0.9052100642299703,0.1554499160327499,-0.6464784402673144,S100
1.0105445416625158,-0.6795709281788411,-1.0791603938599128,-0.47560940850825517,0.6919387955042154,-0.6961813020378839,S101
1.6483824252047714,-1.0201951136824496,0.4386377363211248,-0.13808625968924054,0.6413160203806941,-0.4552919848964194,S102
-1.3129977794360892,2.172288943790353,0.2985937168030021,-0.853173010104019,-0.36126661606198957,-1.4667306472990231,S103
0.6870238925911873,-0.4834096767892377,-0.3844376914397819,-0.3570453144642851,0.007464477196677825,-0.525996249230099,S104
-0.6324475064295446,0.8675430596778794,0.4810930282253506,-0.9636182387399536,0.09653971305495908,2.0219678845397424,S105
1.256834800066737,0.9558420373347234,-0.21865406385407576,-0.9048369913505807,0.7591204841544893,-0.9427319346084383,S106
-0.31275723576607045,-1.1814876873518818,0.26966264756034813,-0.20441405140527583,1.898648088535107,1.401945334922759,S107
0.07236162516711256,-0.19532459442238015,-0.6957418162639426,-1.877988343722682,-1.8041057905527973,-1.1378298050938007,S108
-0.8834621900840531,-1.5330582907192423,-0.150712125325867,-0.3491658957022367,-0.9586825431248592,-0.787910097292043,S109
0.2231827519595318,-1.012723627920691,1.1398565410503307,-0.19636867282074102,-0.05955857681664625,1.7618851469543169,S110
-0.999897044769578,0.4715375286207727,2.0266108211874148,1.3840733670969072,0.9192561693022021,-0.9920200845894896,S111
1.2062660616974814,-1.458551318583735,0.33724952667149605,0.02910116619696172,-1.767269864174919,0.5964394318056155,S112
-0.6560097188157227,-1.0293334580898066,0.8601673477373616,0.6001330544275513,-0.5095812954448292,-2.691478874425745,S113
-2.376032839016377,-1.20939054276519,-0.4864758204356148,0.023113671774972373,0.009357661165294958,0.5911495855529233,S114
0.40264003435026063,-0.4998283427689047,-0.43380248531132326,0.15797787891264084,-0.5416027881409977,-0.597993547584746,S115
0.10926192390064551,-0.8195972208150687,0.14947275501313356,0.8723368660014086,0.1313242659327958,-1.6981415827717248,S116
-2.1924800157839646,1.1849458731826183,-0.4854590914982964,1.7622071932431114,1.5245072465880662,-0.21504711171743468,S117
-0.09772717434457026,0.549123143351041,-0.5910315239592929,1.05773010860522,0.8741268195355506,-0.2769222682659462,S118
1.1307382021118355,0.0021690966038267253,-0.0073086021086402825,2.0094236892384365,-1.110833597307816,-1.227729313141387,S119
0.9905386777928539,-0.4724884243384503,1.4565864087969183,-1.5880880506010358,1.1197190714828926,1.1765293889231363,S120
1.0426285990102004,-1.1886096101129697,0.4496719770947724,1.3796810405788116,0.11003618667147903,-0.6345410228581438,S121
0.9508794758321939,-0.3274880346561461,-0.009726841377989544,1.3664194412507853,-0.29909524621708977,0.47652162267264825,S122
-1.6823101035941566,-0.6301092597802584,0.7805175602700138,0.045698180028713786,-0.9696330970194169,0.7248297905644944,S123
0.7609235932985255,-0.057569805974907386,-0.8605456540100218,-0.532449903847104,-1.085769002046342,0.24997528631316435,S124
-0.06431461083416887,-0.2048605813833795,-0.13914727770144444,-0.23509767104614268,0.3641420890221011,-0.03108268224378041,S125
-0.14239386560927098,0.9096223102929039,1.121076361932825,-0.23135401888852122,-1.0434821829647258,-0.8758278463084109,S126
-0.0258926973287471,1.3974496730611847,-0.33736021957902224,-1.0770375981528364,0.8690418851711894,1.6071964963505554,S127
2.378729936642438,0.44711570471390294,-0.8620191430510566,-1.7298477252638529,-0.4145542433850711,0.043623526714447025,S128
0.5773654075734489,-0.5394678547722113,-0.47225947708151306,0.13064808826970142,-0.6421360533717408,-1.3703764043907762,S129
2.0839792285928658,-0.9980527381504658,0.9788627710627006,0.3935255677193689,1.0540425472751636,-0.19841260563886637,S130
-1.2644479716118613,-2.626541131421688,0.6865991640913044,0.9509599581979375,-0.7094952136720555,1.4587048582868665,S131
-0.46668658762256293,1.6401574561526513,2.065225144273293,-1.322068000148706,0.6789187851412599,-0.2809168734962251,S132
-1.2702279589389238,-0.34658287418764094,-1.8453646330419031,-0.3960038692274161,-0.5354820107297299,-0.5324437156316405,S133
-0.2504424040095023,0.5673593767860736,1.4605145045328318,0.8067865285829419,1.3433972616325687,-1.8376780423553911,S134
-1.1849716259713445,-1.4038048647764099,-0.4319338064520695,-0.4985087651963866,0.7156899746573343,-1.1821915456605105,S135
-1.3447322985489871,-0.9947441216564524,0.6697200155560384,-0.5275108905829935,-1.213713470212821,0.6257264440684319,S136
1.9525588679004127,2.0797030636467513,0.280310554825224,0.5677730747312609,1.861071426136711,-0.22257029407650847,S137
0.24609660007874792,-2.622892316605598,-0.6715904128281784,-0.6448053047833104,0.09593677890268619,-1.1623337123907818,S138
-0.7829787504939331,-0.7996527498688691,0.3015134720138584,-0.22443065439701418,2.1133420471722517,-0.12393481048152732,S139
0.2315100712787391,-0.24054870777839296,0.44845683941827724,-0.26281092385457155,-0.7199314790244844,1.8762634196903307,S140
1.5083988677896643,-0.004250364405026003,-0.37582653067433225,2.0040452084012528,2.1083346853984133,0.2558206609572068,S141
-0.03108973187541531,-1.8761241345437534,-1.112826450017258,1.6954396733568124,1.6208294027316332,0.1991209862500691,S142
1.5734925572184886,1.069885863785283,-1.9235895488486874,0.14668851800008242,-0.2681677714989127,-0.2959013811448994,S143
0.3856651205889649,-2.015235905412908,-1.719045932265999,0.0631314497140084,0.8225235268723895,-0.6306837778952759,S144
0.7014490521708789,-1.4677487081586849,0.4970456190996291,-1.0920767556308062,-2.4211380104874607,0.9021391056015008,S145
-1.0375846516467688,-1.281379419592701,0.405416240741321,-1.3996085354317969,-0.4371502401056714,-2.1220854337816872,S146
-2.3068583410280583,-0.47171716407459985,-0.09939126134528922,-1.0200781914285904,-0.11613283457990473,-0.3120261471147474,S147
-0.58187670746564,-0.6444300225373938,0.14036505260099721,1.9483921539005218,0.36777848357880494,-0.3766167570171632,S148
-0.0032536024939869845,-0.8951888035604207,0.6836857364742476,-1.1867877698086122,-0.14992317732955276,-0.06824455836264468,S149
-0.9998032554052733,-0.06936711099667103,0.39525374229240856,0.9431081332100582,-0.7813491700313009,0.21018842414533617,S150
-2.1553938330963853,0.6600283344716502,1.0558330764619461,0.6834353844774442,1.1340229301149862,1.9988596631594078,S151
-0.39883743519412274,-0.5008583864241408,0.09820007464629729,-0.8755782137217998,-0.33880598172599136,0.36785536312365735,S152
-2.0573903905682296,-1.01148033556612,-0.35799377981200076,-0.507882729294965,0.7658904943326484,-0.38160024873996445,S153
0.9836721072583654,1.3663651621867003,-1.1507852323872416,-1.654584768492978,-0.1342075222780789,-0.2204884558948092,S154
-0.6859363745161451,-1.0769575476971691,1.1634710468280955,-1.802166787898191,0.36552922359618684,-0.6529762713944836,S155
2.2613675228925394,1.0203226045468476,0.05452167805777198,0.25006378207986235,0.0035576492981571526,-0.8140227914180721,S156
0.5107391873237941,-1.0583989909177585,-0.04059629748788736,0.029106941025407004,0.6106045357923365,-0.33189654982883754,S157
0.481124346341328,-0.1808279008220682,0.31651917886500763,-0.019132732833478695,-1.8768134234555693,-0.5691107458160272,S158
0.038828455141228235,-0.2149963023722555,1.35962463031563,2.9824608270135267,0.6662252767015695,1.5949881033482247,S159
-0.26334253116306444,1.3386144725821965,-1.2765657075690606,-0.13089080568523365,1.7854840833536496,1.8007521317812076,S160
-0.27974530988305335,0.3231646428780351,-2.3157374016602885,-2.0253937890481164,-0.40092053565326774,0.648754820436022,S161
2.172178496907613,0.5876070458721027,1.2776362466308486,-0.14898155998219859,1.5435591450731652,-0.7890365662404476,S162
-0.44923266198795786,-0.9042845866342213,-2.1184086604114265,0.3861400370464471,0.861419805453347,-1.2736642001314888,S163
0.5360983372587617,-0.8685305268143959,-0.6039753081508329,-0.8191726706019973,1.195489295129092,-1.4618809852941197,S164
-0.8911394227574516,0.3462617224630243,-0.4121331619945647,0.2972214912827383,0.40340796940386375,-0.3925073384658929,S165
-1.2076533026345861,-0.07396753658362853,-1.063910371388229,1.252973201805901,0.16793105264091857,0.5679821020336857,S166
0.25451186617411387,-0.7011923406750151,0.3389022304240892,-1.7206370708198009,0.6554946525257974,1.4177364843272457,S167
-0.6452936622040609,-0.2728417446687634,0.2623664455755409,1.881044031043093,-0.39111622453659295,0.06660261673062508,S168
1.5740188035944458,0.8585919691564842,0.01168624022512072,1.0281163979452153,1.2282191817937416,0.46095366585559905,S169
-0.37525700215717694,0.9222010548530203,-0.5043433118729072,1.0467201780160615,0.4509087494343962,0.5492021419498344,S170
-1.2562143544663682,-1.1581515118017525,0.1939551442535826,-2.650665274544598,0.2686131620862848,-0.986804364666599,S171
-0.29798085809968883,-1.9077941674777363,-0.03704724446116257,-0.4192661129231817,0.5197727948378271,0.8971174050064963,S172
-0.14792053414216844,-0.36382067962369635,0.16106317209504947,0.2892017947920731,-0.5243865415700163,-0.05803733126436376,S173
0.7438866902031838,-1.0492459903059372,1.5391381010998153,-1.0929530401701888,0.18592121612101453,-1.673240094393363,S174
-0.7264483423903143,0.9571666012411477,-0.7257829953180935,0.22939725313435336,-0.4175952728464077,2.655085317290288,S175
-0.5002925471242463,0.32224018577063324,-0.9002451438576572,0.38514268095342546,0.9323322583046719,0.11005863030790715,S176
0.8301185751818281,-0.559818849900887,1.5564087963120599,0.1988220008396649,0.7334910392166302,1.2580051704245614,S177
-0.4296475214431061,-2.156783459140405,-0.3043760282732044,-1.7393918998666507,-0.3094334367620492,1.7159070062013184,S178
-0.46988814776746957,1.2713152852272391,-0.055310327130018676,1.181283064173554,-1.336840405271049,-0.019054153574492805,S179
